start,goal,distance_km,dijkstra_nodes,astar_nodes,reduction_pct,dijkstra_time_ms,astar_time_ms,grid_angle_deg,costs_match
42432073,42427386,4.1550219824265096,1597,552,65.43519098309329,1.8140999964089133,1.232700000400655,32.345643059442125,True
42443119,42440456,6.744070735435298,2180,366,83.21100917431193,3.833300004771445,1.6828999941935763,4.672759866464418,True
42439065,42433785,5.489759091499497,731,43,94.11764705882352,1.3285999957588501,0.22569999418919906,5.916385416920349,True
42431467,9177424868,6.363045028182107,2535,694,72.62327416173571,4.4592999984161,2.500599999621045,27.512938256377765,True
42430557,588546882,1.8249197289229515,599,72,87.97996661101837,0.9343000056105666,0.2055000004475005,3.772449604425958,True
42427939,42427855,2.2444477914194305,132,42,68.18181818181819,0.19109999993816018,0.13410000246949494,11.667042483895926,True
42430938,42438798,5.920109815130364,2258,329,85.4295837023915,2.2993999955360778,0.6977000011829659,14.15372744017202,True
42439724,4515465265,4.281632588881713,1117,302,72.9632945389436,1.2202999932924286,0.6022000015946105,20.912134021279144,True
42427519,13099951760,6.876431990711672,2370,634,73.24894514767932,2.2309000050881878,1.330200000666082,7.991473076839128,True
42437204,9168918373,3.1413263704822167,1070,220,79.43925233644859,1.2864000018453225,0.9748999946168624,35.95302704166795,True
587934172,42438881,10.346742711535452,2686,1164,56.664184661206264,4.350499999418389,2.685700004803948,14.427308336623469,True
1061531730,42443403,0.48125664943181723,43,5,88.37209302325581,0.04199999966658652,0.012700002116616815,12.144828370163111,True
42422258,42435392,9.453811795120227,3371,1082,67.9026994956986,3.0687000034959055,1.9905000008293428,14.792984080041037,True
42443381,42435207,3.139477907926898,929,188,79.76318622174381,0.7585999992443249,0.34759999834932387,31.25601668153547,True
42438471,42449427,11.293548491417893,2975,374,87.42857142857143,2.6961000039591454,1.116400002501905,0.3585139409408953,True
42431459,42430857,1.0110871585752503,148,25,83.10810810810811,0.16110000433400273,0.05709999823011458,33.57564168818351,True
42458960,42431044,3.264472609710003,1018,164,83.88998035363457,1.1325999948894605,0.3271000023232773,25.72220592041549,True
42453468,42450055,9.62247347485821,3165,1397,55.86097946287521,3.006999999342952,2.5724000006448478,12.081595752279725,True
42442684,42428411,15.08739406466228,3999,1399,65.01625406351587,3.915900000720285,5.973300001642201,6.665150298281418,True
1733614298,7732571885,4.722385886743012,1685,192,88.6053412462908,2.9715999990003183,0.7617000010213815,6.0867218021238045,True
42432932,42457925,10.735749764792752,3545,2166,38.89985895627645,4.902499997115228,5.235699994955212,16.376995842992557,True
42430164,11337295608,4.333412378283369,1818,449,75.3025302530253,2.260000001115259,1.2090999953215942,13.65839211305672,True
42445046,42453717,6.651769770998396,1015,197,80.5911330049261,1.2401999993016943,0.555899998289533,3.67957921649932,True
42436899,42429708,17.943939053151134,4547,1764,61.20519023531998,4.920100000163075,4.180899995844811,2.4163294461600913,True
42428480,42439432,17.31133330695379,4503,1266,71.88540972684876,5.523899999388959,3.470899995591026,6.3537249127132895,True
42444814,42430237,7.351305552735321,2893,634,78.08503283788455,3.5398000036366284,1.7671000023256056,6.651198573509902,True
42439730,42431242,4.075264040480602,1004,239,76.19521912350598,1.1833000025944784,0.603899999987334,6.581906714436911,True
42459041,42443388,2.1007045894850864,476,47,90.12605042016807,0.5411999954958446,0.11939999967580661,23.529813720248114,True
1506445797,42454391,11.641428611604105,4091,1628,60.205328770471766,5.014099995605648,3.6594000048353337,24.866906089601002,True
42435541,42455465,2.985163943161159,893,271,69.6528555431131,0.869200004672166,0.5137000043760054,36.387352728393296,True
42453008,42437944,13.932211895169623,4350,1291,70.32183908045977,4.029399999126326,2.6273000039509498,12.63666822859642,True
42442842,42429806,1.3012133233438279,364,52,85.71428571428572,0.5123000009916723,0.12180000339867547,23.934468522704776,True
42435885,7500756892,14.445043427039545,4169,2728,34.56464379947229,5.059800001617987,6.08009999996284,12.078662440445328,True
42440453,42435578,4.498581413877786,1823,423,76.79648930334612,1.7249999946216121,0.8301999987452291,18.016404203140638,True
1773076509,42458728,18.61102004201197,4521,1973,56.35921256359213,4.862699999648612,4.618999999365769,8.704588595837436,True
42442952,12374690312,5.257766412871114,2286,86,96.23797025371829,2.860000000509899,0.2891999974963255,0.7438807099989333,True
42438836,42447228,6.4784553457965615,2157,450,79.13769123783032,2.363599996897392,1.0485000020707957,14.143761578316656,True
42428970,42439506,5.883444696721073,1538,604,60.72821846553966,1.5452000006916933,2.184800003306009,38.80561597007386,True
42427965,42446604,12.843130787674701,4433,537,87.88630724114596,6.189499996253289,1.2841999996453524,13.751792088641878,True
371197453,42442889,4.745438116443787,1338,131,90.20926756352765,1.3547999988077208,0.2992000008816831,9.115262752097095,True
42429633,42438043,9.527206627344132,2631,644,75.52261497529457,2.3853999955463223,1.4679999949294142,3.42472760149991,True
42446521,42438189,15.0247629309338,4273,1791,58.085654107184645,5.046300000685733,4.646300003514625,7.207977603140023,True
4158673495,277482094,14.134356472312245,3700,2830,23.513513513513516,3.433899997617118,5.768499999248888,7.1861003985576986,True
1701844664,42434131,7.463415844350998,3184,337,89.41582914572864,4.617699996742886,0.9547000008751638,4.996626419997028,True
42442703,42433785,2.409664519130664,566,89,84.2756183745583,0.626200002443511,0.20390000281622633,14.574080942483818,True
42440566,13105137064,10.599358675154008,4039,1619,59.91582074770982,3.9389000012306497,3.3283000011579134,22.127676209633023,True
7890202648,42442613,5.525217575280467,791,209,73.57774968394438,0.6917999999132007,0.4262000002199784,33.9581822311697,True
593988920,370894980,6.1192368952485126,2600,912,64.92307692307693,3.595599999243859,2.885699999751523,37.49728693834254,True
42453777,42438819,7.408312684738755,2401,1069,55.47688463140359,3.1846999991103075,2.6338000025134534,16.813268448606323,True
42433611,4682935365,3.118034680479296,1158,187,83.85146804835924,1.0890999983530492,0.35679999564308673,34.0769169658729,True
3829675223,42430747,3.885703821525901,1059,190,82.05854579792256,0.9353999994345941,0.3763000058825128,16.80789676318426,True
42428588,42431889,8.754518322811027,3981,873,78.07083647324792,4.154900001594797,2.1488999991561286,11.193870524668,True
42434895,42435400,1.8514966799296149,328,75,77.13414634146342,0.35990000469610095,0.18280000222148374,31.719876509023038,True
588593059,42429431,4.093981762835097,1124,123,89.05693950177937,1.163999993877951,0.31820000003790483,20.194190969952672,True
60927823,60917021,5.446628948481928,1269,588,53.664302600472816,1.324700002442114,1.08380000165198,41.85257259605282,True
1919595927,6885524021,12.344855254400443,3768,1129,70.03715498938429,3.4148999984608963,2.4849000037647784,8.718621547501868,True
42441077,11728146527,9.629170815001599,3176,389,87.75188916876574,5.341800002497621,1.4701000036438927,5.714627159037121,True
42424225,42432178,7.959306051937582,3466,808,76.68782458165032,4.16669999685837,1.8565999998827465,13.00204657844327,True
7732654931,42442836,11.837185958507156,3804,1709,55.073606729758154,3.5656999971251935,4.769999999552965,13.75158165855467,True
42449833,42432075,10.704386430045414,3942,1326,66.36225266362253,4.308599993237294,2.6068999941344373,7.29529673664527,True
42445171,596775882,5.499966806795906,1965,556,71.70483460559797,1.6500999990967102,1.0018999964813702,11.005157966558215,True
42435333,1506445821,1.4300386823892874,191,43,77.4869109947644,0.1771000024746172,0.08410000009462237,18.680096410515375,True
42421877,42442635,12.209761496072217,3865,544,85.92496765847348,3.3621999973547645,2.651899994816631,7.142934846921776,True
4205440429,42436296,3.215049425690976,926,153,83.47732181425485,1.3824999987264164,0.5087000026833266,16.305891189988074,True
4597668035,42431656,4.421444184423964,2078,199,90.42348411934552,2.631800001836382,0.545299997611437,4.54599629357682,True
42445484,4597668035,2.2843254444546925,990,39,96.06060606060606,0.9351999979116954,0.09979999595088884,3.3464266500303097,True
42437211,42434895,1.7669693965154623,403,64,84.11910669975187,0.4282000008970499,0.13469999976223335,34.641239704443706,True
42456115,42435499,3.666509770465682,982,251,74.43991853360488,0.9537000005366281,0.47479999921051785,19.268147444242146,True
7910052385,7076060068,3.6951533060715978,751,165,78.02929427430094,0.6680999940726906,0.3135999941150658,21.157752169135392,True
42421745,42447210,4.017592108937018,1320,416,68.48484848484848,1.079499998013489,0.7729999997536652,42.88668212616983,True
3584752508,42427128,13.601614583816698,4094,1142,72.10552027357107,5.2021999945282005,4.442999997991137,8.408673348467005,True
42432083,42454010,3.3421332165903843,1500,55,96.33333333333334,1.902299998619128,0.19720000273082405,3.3883896283538206,True
42445941,42440056,8.133638555941062,3779,601,84.09632177824821,4.316099999414291,1.5962999968905933,8.620259784920677,True
42429029,42440134,5.083766367203737,1040,285,72.59615384615384,1.2157000019215047,0.742000003810972,8.896463355116282,True
42430164,42430477,8.990652545214324,2916,668,77.09190672153635,3.7500000034924597,1.8017999973380938,3.736457374548138,True
3276524466,42429704,16.29013677371288,4538,914,79.85896870868223,4.589199998008553,2.045299996098038,4.726997911708395,True
7476968854,42432957,13.715048476342485,3715,1948,47.56393001345896,3.8894000026630238,4.979799996362999,8.038301900841361,True
42433035,2141026551,3.8385334291085287,924,315,65.90909090909092,1.0760000004665926,0.6678000063402578,19.854718568072997,True
11017186437,42435646,2.133693731232802,350,85,75.71428571428571,0.3797999961534515,0.1877999966382049,42.34749129912643,True
42442717,6572026580,13.548786325273126,3386,2571,24.069698759598346,6.2397000001510605,11.476300001959316,12.451598885250661,True
589099881,42438153,7.326813980856033,3016,83,97.24801061007958,3.5847999970428646,0.23540000256616622,1.1223814684967124,True
7908589044,42437349,16.53037215702132,3995,2878,27.95994993742178,3.79139999859035,7.69649999710964,16.480231095633968,True
42446190,370892861,14.186712366505942,4568,2930,35.858143607705784,6.966900000406895,9.976699999242555,11.793674723919992,True
42456091,596776083,2.5458873169075966,444,98,77.92792792792793,0.5003000042052008,0.20870000298600644,25.15987009362601,True
5706568625,1209796168,12.104595347347312,4483,1360,69.66317198304706,4.082700004801154,2.6144000003114343,7.954158357670622,True
42432722,42440729,16.138287916669068,3339,1320,60.467205750224615,3.542300000844989,4.117399999813642,7.044417767819397,True
42439207,42429474,15.97259369172785,4171,2595,37.78470390793574,5.466700000397395,8.186300001398195,9.250895551826886,True
42449627,42427190,0.8585476809962341,117,20,82.9059829059829,0.19240000256104395,0.06629999552387744,29.16998799739423,True
11942111840,42439557,3.810250895802426,1254,186,85.16746411483254,1.6923000002861954,0.6014000027789734,10.088926099755781,True
42438867,42422509,7.108460512809911,2934,1135,61.315610088616225,3.3313999956590123,2.3435999974026345,38.6482711977917,True
42429769,42429100,17.448462704074736,4355,2415,44.546498277841565,4.1984999988926575,6.039099993358832,11.832886973002985,True
42439498,42429661,9.858243674646586,3331,1176,64.69528670069049,3.93400000029942,2.7663999935612082,11.505830457079298,True
42427926,42448552,18.78573655107795,3653,1871,48.781823159047356,4.240900001605041,6.062799999199342,4.851850766329903,True
42429766,5145330172,2.296984454733042,896,131,85.37946428571428,1.12749999971129,0.331000002915971,21.6010297339177,True
42439994,42443426,5.610235544223941,2459,197,91.98861325742172,2.5232999978470616,0.48009999591158703,6.327066907204596,True
3270031028,42438288,9.144049986913085,3591,402,88.80534670008355,3.450100004556589,1.0132999959751032,3.5434867773338397,True
7908589044,42433243,17.884666022425627,4465,2561,42.6427771556551,5.236299999523908,6.654500000877306,11.571189972204934,True
2141026511,42440340,13.012453640887154,4369,910,79.17143511100939,5.101999995531514,3.746299997146707,4.693894019975318,True
2141026514,427840967,9.179611656447076,2806,596,78.75980042765502,3.413500002352521,1.4125999950920232,4.106363273631729,True
42436754,42430981,5.111526750458838,2376,626,73.65319865319866,2.36389999918174,1.2379999971017241,43.55077897977503,True
42431067,595314120,0.6240994017204369,61,8,86.88524590163934,0.06500000017695129,0.022100000933278352,15.436936720663311,True
42452951,589100267,5.999206533928091,2393,652,72.7538654408692,2.308199997060001,1.3107999984640628,16.833391239214706,True
486868873,1919595915,1.1663113168321886,338,68,79.88165680473372,0.5067000020062551,0.23630000214325264,22.57255474894623,True
42428936,42431113,3.5618534344624284,1040,41,96.0576923076923,1.4148999980534427,0.16029999824240804,0.23385653599413558,True
42429231,371337145,7.400120033977647,1003,167,83.34995014955135,1.7152000000351109,0.4571999961626716,16.924141064199915,True
42449683,42431868,6.05328717164433,2882,529,81.64469118667593,3.1430999952135608,1.1947000020882115,0.3551606140225658,True
42440804,42436807,16.34951413778184,4189,2537,39.43661971830986,5.184400004509371,9.979599999496713,8.928579930795308,True
42436753,7732571915,9.88091025962924,3661,1351,63.09751434034416,5.410699995991308,4.498700000112876,17.01556609774366,True
1061531695,42433821,6.099890780644726,2493,267,89.29001203369434,3.399000001081731,0.7492000004276633,11.110189895461701,True
588546882,42436489,9.248485765001217,2422,1075,55.615194054500414,2.3464999976567924,2.2380000009434298,5.166580301112788,True
42443426,1773076778,10.410263344426989,3888,1365,64.89197530864197,3.6872000055154786,2.8957999966223724,12.035101667394173,True
42440916,42430004,1.3233627209302532,255,38,85.09803921568627,0.2811999947880395,0.11300000187475234,35.31781930562852,True
596800103,11027912161,10.400698833037499,3804,1384,63.61724500525763,4.721400000562426,2.9534000059356913,19.807731183711468,True
42430903,42439922,12.512175238104986,3821,1584,58.544883538340756,3.610500003560446,3.7563000005320646,8.68490699384364,True
42435684,406006393,3.4462386835833323,1185,308,74.00843881856541,2.348100002564024,1.0565999982645735,21.058767164306346,True
3270031031,3099326126,9.946015705787048,3847,962,74.99350142968547,5.284999999275897,2.722899997024797,8.165817497010721,True
42438257,371188756,9.956177275175603,2664,1671,37.27477477477478,3.7614999964716844,5.064000004495028,20.14187753366457,True
42429083,42435633,13.293980275422468,2954,1119,62.119160460392685,3.6376000061864033,2.6232000018353574,4.87469623794172,True
42458313,42421803,8.561497990077415,2806,1495,46.721311475409834,3.0918999982532114,3.8721000018995255,14.715515277311852,True
246649427,42442722,15.138796147804692,4134,198,95.21044992743106,6.170100001327228,0.6378000034601428,0.33976534736808617,True
1544782730,42444097,4.18788957038072,279,207,25.806451612903224,0.2930000046035275,0.4236000022501685,14.609542027275609,True
589099734,12161224646,3.935941044309702,1413,261,81.52866242038218,1.3876000011805445,0.5439000015030615,13.954399374489014,True
3533937800,42434989,9.245584335094193,4094,452,88.95945285784074,3.7365000025602058,0.9874000024865381,2.3074382338111263,True
42436746,42445378,0.8604586394963591,107,18,83.17757009345794,0.09599999611964449,0.04310000076657161,40.61363917474205,True
42438772,42429072,6.669750724862405,2236,399,82.15563506261181,1.9806999989668839,1.4062999980524182,25.73934814376736,True
8840333846,42429244,19.88601566880413,4527,1189,73.73536558427215,4.758199997013435,2.7738999997382052,4.606047676391142,True
42446455,42429002,9.223050270804249,4088,658,83.9041095890411,5.113699997309595,2.198100002715364,13.288417365499868,True
4347534768,7132405547,6.39258632143449,2907,336,88.44169246646027,4.797099994902965,1.2276999987079762,6.206347342691146,True
42435316,42428989,6.824557089352961,2799,213,92.39013933547695,3.2315999997081235,0.5899999960092828,8.094278132624993,True
4597668038,42430249,1.3138703584214262,228,44,80.70175438596492,0.22869999520480633,0.10550000297371298,42.30517770385882,True
42436575,42429693,4.349479536067983,2100,313,85.09523809523809,2.522200004023034,0.709100000676699,10.410880618910824,True
42429680,42439868,5.623818254990114,2331,370,84.12698412698413,2.7241999996476807,0.8814999964670278,7.23215390548728,True
371337269,42432659,4.313118858127368,744,155,79.16666666666666,0.8378000056836754,0.35290000232635066,22.273071449381746,True
42440527,42428268,3.676971209422069,1567,244,84.42884492661136,1.6787999993539415,0.504999996337574,6.554721590640781,True
42430295,587934079,11.355692530612615,4061,891,78.05959123368629,3.8695999974152073,1.9753000015043654,9.69591213150727,True
13768867450,6166413694,12.55415086479446,2965,1464,50.6239460370995,2.658299999893643,4.1625000012572855,11.07104198147988,True
42446721,42442559,2.534459766621915,748,168,77.54010695187165,1.0513000015635043,0.4278999986127019,24.772650443360362,True
42437605,42446478,6.833818134133074,2372,376,84.14839797639124,2.875300000596326,1.1370000065653585,2.324612805729487,True
42440015,42442733,10.736858600840636,4210,266,93.68171021377673,4.656700002669822,0.6964999993215315,4.740380664531358,True
277482105,42433151,7.940407492941976,2120,179,91.55660377358491,1.9443000055616722,0.3887999992002733,35.983846326063656,True
42445578,1692433920,19.095629428122045,3612,1862,48.44961240310077,3.722300003573764,4.977199998393189,5.556636710368679,True
42446701,42429833,4.402838693357883,2025,321,84.14814814814815,1.9874999998137355,0.7008999964455143,2.043870181336274,True
42423564,1692433942,5.133442665007442,1931,498,74.21025375453134,2.1590999967884272,1.9699999975273386,14.786838294293602,True
13238997597,42431200,7.577048735089056,2056,562,72.66536964980546,4.323900000599679,2.391800000623334,14.336947886213807,True
42429876,7738506172,10.565832013211425,3811,1734,54.50013119916033,6.800499999371823,4.954500000167172,15.031607511404786,True
42438236,4557517552,10.07220773411961,3237,568,82.45288847698487,4.495900000620168,1.9907999958377331,5.061151963235034,True
42442722,42433256,6.411679871117915,1546,523,66.17076326002586,1.837399999203626,1.3216999941505492,3.8558682208578716,True
